Category,Section,Name,Price,Description,DietaryTags
daytime,Brunch,Avocado & Feta Sourdough,12,Crushed avocado · feta · seeds · lemon · chilli flakes,V; GF*
daytime,Brunch,Masala Beans on Toast,10,Home-made spiced cannellini beans · grilled sourdough,VE; GF*
daytime,Brunch,Mango & Saffron Pot,12,Coconut yoghurt · granola · pistachio · toasted coconut,VE; GF
daytime,Brunch,House Masala Shakshuka,13,Spiced tomatoes · poached eggs · coriander · sourdough · vegan option available,GF
daytime,Brunch,Buttermilk Pancakes,14,Maple syrup · seasonal berries · whipped cream,V
daytime,Brunch,Crispy Chicken Waffle,16,Buttermilk-fried chicken · chilli honey · waffle,
daytime,Brunch,Truffle Mushroom Croissant,15,Wild mushrooms · parmesan · truffle oil,V
daytime,Brunch,Gin-Cured Salmon & Eggs,16,Sourdough · chives · cream cheese,GF*
daytime,Larger Plates,Chicken Burger,18,Two patties · brioche bun · house masala fries · house salad,
daytime,Larger Plates,Plant Burger,16,Plant patty · brioche bun · house masala fries · house salad,VE
daytime,Larger Plates,Lunch Bowl,12,Chef's daily creation — ask your server for today's bowl,
daytime,Larger Plates,The Charcuterie Frank,12,Artisan sausage · frank roll · house mustard,
daytime,Brunch for Two,Prosecco Brunch for Two,70,Prosecco + 3 dishes,
daytime,Brunch for Two,Champagne Brunch for Two,110,Champagne + 3 dishes,
daytime,Sides,Eggs Your Way,3,Fried or poached,
daytime,Sides,Masala Fries,5,,
daytime,Sides,Halloumi,5,,
daytime,Sides,Smoked Salmon,5.50,,
daytime,Sides,Avocado,3,,
daytime,Sides,Sourdough,3,,
daytime,Sides,Mushrooms,2,,
daytime,Sides,Tomatoes,2,,
daytime,Sides,Bar Nibbles,5,,
evening,Small Plates · £10–£12 · Perfect for Sharing,Beetroot & Goat's Cheese Tikki,12,Tamarind glaze · pistachio crumble,V; GF
evening,Small Plates · £10–£12 · Perfect for Sharing,Samphire Pakoras,10,Seaweed salt · house dip,VE
evening,Small Plates · £10–£12 · Perfect for Sharing,Burrata Chaat,12,"Heritage tomatoes · crispy papdi · tamarind, mint & coriander chutneys",V
evening,Small Plates · £10–£12 · Perfect for Sharing,Bombay Nachos,10,Makhani queso · pico de gallo · guacamole & sour cream · jalapeños,V
evening,Small Plates · £10–£12 · Perfect for Sharing,Lamb Chops,12,Kasundi glaze · pickled shallots & mint chutney,GF
evening,Small Plates · £10–£12 · Perfect for Sharing,Paneer Tikka,10,Mustard pickle marinade · smoked yoghurt,V; GF
evening,Small Plates · £10–£12 · Perfect for Sharing,Chicken Tikka,12,Chargrilled chicken tikka · house spices,GF
evening,Small Plates · £10–£12 · Perfect for Sharing,Okra Fries,10,Crispy spiced okra fries,VE
evening,Small Plates · £10–£12 · Perfect for Sharing,Butter Chicken,12,"Tomatoes, butter, cream, cashews & aromatic spices",GF
evening,Small Plates · £10–£12 · Perfect for Sharing,Paneer Lababdar,10,"Tomato, cashew & aromatic spice gravy",V; GF
evening,Small Plates · £10–£12 · Perfect for Sharing,Malabar King Prawn,12,"King prawn · coconut, curry leaf & Malabar spice sauce",GF
evening,Small Plates · £10–£12 · Perfect for Sharing,Dal Makhani,10,Slow-cooked 12 hours · cultured butter & truffle oil,V; GF
evening,Small Plates · £10–£12 · Perfect for Sharing,Chef Special Chicken Wings,12,In-house marinated · slow-cooked · makhani drizzle,GF
evening,Small Plates · £10–£12 · Perfect for Sharing,Jaipur Aloo,10,Spiced potatoes · mustard oil & fresh herbs,VE; GF
evening,Signatures · The Sixth Element Classics,Lamb Shank,28,12-hour slow-braised lamb shank · Kashmiri reduction · saffron rice · artisan naan,GF
evening,Signatures · The Sixth Element Classics,Lamb Biryani,18,Saffron basmati · slow-finished in a copper pot,GF
evening,Signatures · The Sixth Element Classics,Chicken Biryani,16,Saffron basmati · slow-finished in a copper pot,GF
evening,Signatures · The Sixth Element Classics,Vegetable Biryani,14,Saffron basmati · slow-finished in a copper pot,V; GF
evening,Sides,Bread Basket,6,Peshawari naan · aloo kulcha · garlic naan,
evening,Sides,Mini Naan,3,"Choice of peshawari, aloo kulcha or garlic",
evening,Sides,Saffron Rice,6,,
evening,Sides,Poppadoms Basket,6,With a selection of chutneys,
evening,Sides,Chickpea Salad,6,,
evening,Sides,Raita,3,,
evening,Sides,Bar Nibbles,5,"Marinated olives, spiced nuts & crisps",